Location,Photographer,Style,StartingPrice,Contact,Webpage
"Asheville, NC",Dawn E. Roscoe Photography,Photojournalistic,"$3,200 ",(630) 248-5809,https://dawnephoto.com/
"Charlotte, NC",Sheree Taylor Photography,Fine Art,NA,(704) 280-1884,https://shereetaylorphotography.com/
"Matthews, NC",Sharon Elisabeth Photography,Classic,"$3,000 ",(704) 363-7835,https://www.sharonelisabethphotography.com/
"Mooresville, NC",David Edward Photography and Videography,Classic,$750 ,(704) 230-2333,https://www.dephotovideo.com/
"Charlotte, NC",Yazmin Jade Collective,Photojournalistic,"$3,200 ",(206) 387-2838,https://www.yazminjadecollective.com/
"Charlotte, NC",Photographs by Joanna A,Photojournalistic,"$3,000 ",jo@photographsbyjoannaa.com,https://www.photographsbyjoannaa.com/
"Charlotte, NC",ParksPictures Photography,Classic,"$2,600 ",(980) 322-8995,https://www.parkspictures.com/
"Charlotte, NC",Weddings by Bluesky,Editorial,"$4,500 ",(336) 413-2034,https://weddingsbybluesky.com/
"Charlotte, NC",Catherine Leigh Photography,Editorial,"$3,500 ",(336) 740-5203,https://www.catherineleighphotography.com/
"Charlotte, NC",Elegant Moments Photography,Editorial,"$1,500 ",(704) 273-9778,https://www.elegantmomentsphotography.com/
"Charlotte, NC",Snook Photo + Co.,Photojournalistic,"$2,995 ",(213) 432-9417,https://www.snookphotoco.com/
"Charlotte, NC",Samantha Grace Photography,Classic,"$1,200 ",(704) 609-8912,https://samanthagracephotography.com/hello
"Charlotte, NC",Erika El Photography LLC,Photojournalistic,"$4,000 ",erikaelphotography@gmail.com,http://www.erikaelphotography.com/
"Charlotte, NC",1828 Collective,Photojournalistic,"$3,000 ",(336) 829-0196,http://www.1828collective.com/
"Charlotte, NC",Jonathan Bryant Photography,Photojournalistic,"$1,750 ",(980) 429-4606,http://www.jonathanbryant.photos/
"Charlotte, NC",Savvy Leigh Photography,Classic,"$3,300 ",(980) 202-0886,https://www.savvyleigh.com/
"Charlotte, NC",Rivkah | Fine Art Photography,Fine Art,"$4,000 ",(704) 778-1940,http://www.rivkahfineart.com/
"Charlotte, NC",Wild Society Weddings,Photojournalistic,"$2,600 ",wildsocietyweddings@gmail.com,https://www.wildsocietyweddings.com/
"Charlotte, NC",Anorda Photography,Photojournalistic,"$4,000 ",(704) 916-9468,https://www.anordaphotography.com/
"Charlotte, NC",Alchemist Weddings,Photojournalistic,"$3,000 ",(252) 813-6585,https://alchemistweddings.com/
"Charlotte, NC",Richard Israel Photography,Editorial,NA,(704) 890-7500,https://www.the-israel.com/
"Charlotte, NC",TAdams Designs,Classic,"$2,500 ",troyonna@tadamsdesigns.com,http://www.tadamsdesigns.com/
"Charlotte, NC",Marry Media,Classic,"$2,000 ",(864) 412-7068,https://www.marrymemedia.org/
"Charlotte, NC",Norbeck Photo,Classic,"$2,000 ",(860) 501-0490,https://norbeckphoto.com/
"Charlotte, NC",Caliyah Hart Photography,Photojournalistic,"$3,800 ",(704) 526-8230,http://www.caliyahhartphotography.com/
"Charlotte, NC",Ali Nicole Photography,Classic,"$2,600 ",(703) 853-4373,https://www.ali-nicole.com/?utm_source=google&utm_medium=wix_google_business_profile&utm_campaign=6338534402164948647
"Charlotte, NC",Althea Weddings,Classic,"$4,500 ",(407) 790-0755,http://www.alyssaswedick.com/
"Charlotte, NC",Wonder Blue Creative,Classic,"$2,800 ",wonderbluecreative@gmail.com,https://www.wonderbluecreative.com/
"Charlotte, NC",Megan Pitts Photography,Fine Art,"$2,100 ",(863) 292-1015,https://meganpittsphotography.com/
"Charlotte, NC",Erica Hasenjager Photography,Photojournalistic,"$3,900 ",(315) 373-1176,http://www.ericahasenjager.com/
"Charlotte, NC",Reliquary,Fine Art,"$3,500 ",(704) 995-3365,http://www.reliquaryphoto.com/
"Charlotte, NC",Stephanie Bailey Photography LLC,Photojournalistic,"$2,500 ",stephaniebaileyphoto@gmail.com,https://stephaniebaileyphotography.com/
"Charlotte, NC",Emily Cloutier Photography,Classic,"$3,500 ",emily@emilycloutierphotography.com,https://www.emilycloutierphotography.com/
"Charlotte, NC",LindseyK Photography,Fine Art,"$3,000 ",LINDSEYKPHOTOGRAPHY1@GMAIL.COM,https://www.lindseykphotography.com/
"Charlotte, NC",Mallory Shorter Photography,Classic,"$2,000 ",Mallory@MalloryShorter.com,http://www.malloryshorter.com/
"Charlotte, NC",Alexander South NC,Photojournalistic,"$3,995 ",(980) 226-2785,http://www.alexanderimages.com/
"Charlotte, NC",The Hazel Club,Photojournalistic,"$3,100 ",(980) 202-8778,http://thehazelclub.com/
"Charlotte, NC",Cynthia Ndelo Photography & Cinematography,Photojournalistic,NA,(704) 369-3890,https://cynthiandelophotography.com/
"Charlotte, NC",Sophia Sullivan Photo,Photojournalistic,"$4,500 ",(980) 556-6964,https://www.sophiasullivanphoto.com/
"Charlotte, NC",Nhieu Tang Photography,Photojournalistic,"$2,800 ",(704) 904-7797,http://www.nhieutang.com/
"Charlotte, NC",The Nostalgia Collective,Photojournalistic,"$2,400 ",nostalgiacollectivephoto@gmail.com,https://www.facebook.com/nostalgia.collective.photo/
"Charlotte, NC",Hortiz Photography & Video LLC,Classic,"$2,500 ",(704) 800-5762,https://clt.hortizphotography.com/
"Charlotte, NC",Party Of Two Photography,Photojournalistic,NA,(919) 791-7064,http://www.partyoftwophoto.com/
"Charlotte, NC",All Bliss Photography,Photojournalistic,NA,(980) 236-0755,http://www.allblissphotography.com/
"Charlotte, NC",Elizabeth Sellers Photo,Photojournalistic,NA,ELIZABETH@ELIZABETHSELLERSPHOTO.COM,https://elizabethsellersphoto.com/
"Charlotte, NC",thefulnessthereof Photography,Editorial,"$2,000 ",(704) 877-8992,http://thefulnessthereof.com/
"Charlotte, NC",Laura Greear Photography,Classic,"$3,200 ",lauragreearphotography@gmail.com,https://lauragreearphotography.com/
"Charlotte, NC",Amanda Moss Photography,Classic,"$2,800 ",(704) 264-4011,http://www.amandamossphotography.com/
"Charlotte, NC",Jim Trice Photography,Classic,"$4,000 ",(704) 502-4567,https://www.jimtrice.com/
"Huntersville, NC",Magnolia Mae Studios,Classic,"$2,750 ",(704) 718-1499,https://www.magnoliamaestudios.com/
"Cornelius, NC",Kelsie Elizabeth Photography,Fine Art,"$6,000 ",(704) 433-7875,http://www.kelsieelizabeth.com/
"Huntersville, NC",Head Over Heels Wedding Photography,Classic,"$3,000 ",(704) 997-5241,http://www.headoverheelsnewbornphotography.com/
"Cornelius, NC",Stephanie Wiseman Photography,Photojournalistic,"$2,500 ",stephanie_wiseman@me.com,https://stephaniewisemanphotography.com/
"Mint Hill, NC",Reckless Revival Co.,Photojournalistic,NA,(704) 691-4389,https://www.recklessrevival.co/
"Raeford, NC",Elizabeth A Joy Photography,Classic,"$2,600 ",(980) 297-2562,http://www.joy-photo.com/
"Brazoria, TX",Kiara’s Sassy Shutters,Classic,"$1,000 ",(832) 221-9284,https://www.facebook.com/people/Kiaras-Sassy-Shutters/100070861596026/
"Savannah, GA",Coté and Camera,Fine Art,"$3,000 ",e.coteewers@gmail.com,https://www.facebook.com/coteandcamera/
"Greeneville, TN",Vimana Photography,Fine Art,"$1,800 ",(725) 867-8151,http://www.vimanaphotography.com/
"Gastonia, NC",In Bloom Photography,Classic,"$2,550 ",(727) 504-5509,https://www.inbloomphotographync.com/
"Gastonia, NC",Skylar Patchin Photography,Photojournalistic,"$1,600 ",(704) 879-1762,https://skylarpatchinphotography.zenfoliosite.com/
"Detroit, MI",Promani Weddings LLC,Editorial,"$1,600 ",(989) 270-0397,https://promaniweddings.com/
"Navarre, FL",Jacob Malone Photography,Classic,"$1,000 ",(214) 802-3931,http://www.jacobmalonephotography.com/
"Orlando, FL",Angela Mallett Photography,Classic,"$2,600 ",Ammmphoto@gmail.com,http://angelamallett.com/
"Pittsburgh, PA",Anchor Studios Photography,Fine Art,"$2,500 ",(305) 345-7306,https://theanchorstudio.photography/
"Tampa, FL",Omaria McCrae Photography,Fine Art,"$3,500 ",(813) 484-9796,http://www.omariamccrae.com/
"Knoxville, TN",Have Some Patience Photography,Classic,"$2,000 ",PATTY@HAVESOMEPPATIENCEPHOTOGRAPHY.COM,https://havesomepatiencephotography.com/
"Parma, OH",Banker Creative,Photojournalistic,"$3,200 ",(330) 461-3070,http://banker-creative.com/
"Corona, CA",Bonie Weddings,Photojournalistic,"$2,000 ",hello@bonieweddings.com,https://bonieweddings.com/
"Winston-salem, NC",Becca's Pics,Classic,"$3,400 ",(336) 775-7048,http://www.beccaspics.com/
"Lynchburg, VA",Amative Creative,Fine Art,"$4,800 ",(434) 515-1215,http://www.amativecreative.com/
"Malibu, CA",Holly Castillo Photography,Photojournalistic,"$2,565 ",(805) 428-5324,http://hollycastillophotography.com/
"Rocky Mount, NC",Kingdom Shakers LLC,Classic,"$1,200 ",(252) 469-8322,https://kingdomshakersllc.mypixieset.com/brides
"Alto, GA",HLS Photography GA,Editorial,"$1,500 ",(706) 768-8254,https://hlsphotographyga.mypixieset.com/
"Tampa, FL",Journeys Photography 941,Photojournalistic,"$2,500 ",(813) 586-4918,https://www.journeysphotography941.com/
"St Augustine, FL",Ultimate Photos,Classic,"$2,750 ",richardhusey@ultimatephotosfl.com,https://www.ultimatephotosfl.com/
"Atlanta, GA",Alexis Renea Photography,Classic,"$2,000 ",(470) 632-4219,https://alexisreneaphotography.com/
"Asheville, NC",Payton Teffner Photography,Editorial,"$2,100 ",(205) 914-4341,https://www.paytonteffnerphotography.com/
"Charleston, SC",Sea and Shea Photo Co,Editorial,"$4,400 ",(270) 704-5872,https://seaandshea.com/
"Richardson, TX",Photo by Makenna Marie,Editorial,"$1,500 ",hello@bymakennamarie.com,https://bymakennamarie.showit.site/?utm_source=zola&utm_medium=referral&utm_campaign=listing
"Greensboro, NC",Studio Ace Photography,Photojournalistic,"$2,000 ",(336) 864-1312,http://studioacephoto.com/
"Woodruff, SC",Light Rise Photo,Classic,"$3,000 ",lightrisephotography@gmail.com,http://lightrisephotography.com/
"Atlanta, GA",Ruzin Cunningham Photos,Photojournalistic,"$2,900 ",(770) 367-5962,https://ruzincunningham.com/
"Greensboro, NC",Forest and Fog Collective,Photojournalistic,"$2,600 ",hello@forestandfog.com,http://forestandfog.com/
"Chapel Hill, NC",Sarah Coates Photography,Photojournalistic,"$1,201 ",sarahcoatesphotos@gmail.com,https://www.sarahcoatesphotos.com/
"Allentown, PA",Pics by Nics {Pictures by Nicole Seaman},Photojournalistic,"$2,999 ",picsbynics@gmail.com,https://www.picsbynics.com/
"Charleston, SC",MSMP MEDIA LLC,Fine Art,"$1,600 ",(616) 485-8057,http://msmpmedia.com/
"Winston Salem, NC",dl photo + film,Fine Art,"$2,000 ",info@dlphotoandfilm.com,https://www.dlphotoandfilm.com/
"Jacksonville, FL",The Narrative by Jarrod Rigby (Photo + Video),Editorial,"$2,600 ",info@jarrodrigby.com,https://www.jarrodrigby.com/?utm_source=zola&utm_medium=referral&utm_campaign=listing
"Kissimmee, FL",505 Media Co,Classic,"$1,500 ",(574) 806-0900,https://505mediaco.com/
"Charleston, SC",Marcela Rowe Photography,Classic,"$4,000 ",(704) 777-7707,http://www.critseyrowe.com/
"Williamson, GA",Kayleigh Guerrero Photography,Classic,"$2,300 ",(470) 233-5940,https://www.kayleighguerrerophotos.com/
"Asheville, NC",JCM Photography,Photojournalistic,$475,(828) 367-7159,http://www.yourjcmphotography.com/